<?xml version="1.0" encoding="UTF-8"?>
<project-private xmlns="http://www.netbeans.org/ns/project-private/1">
    <editor-bookmarks xmlns="http://www.netbeans.org/ns/editor-bookmarks/2" lastBookmarkId="0"/>
    <open-files xmlns="http://www.netbeans.org/ns/projectui-open-files/2">
        <group>
            <file>file:/C:/Users/james/OneDrive/Documents/NetBeansProjects/TCSS%20445%20Database%20final%20project/TCSS%20445%20Database%20final%20project/src/tsp/MealPlanWindow.java</file>
            <file>file:/C:/Users/james/OneDrive/Documents/NetBeansProjects/TCSS%20445%20Database%20final%20project/TCSS%20445%20Database%20final%20project/src/tsp/DBConnection.java</file>
            <file>file:/C:/Users/james/OneDrive/Documents/NetBeansProjects/TCSS%20445%20Database%20final%20project/TCSS%20445%20Database%20final%20project/src/tsp/RegisterWindow.java</file>
            <file>file:/C:/Users/james/OneDrive/Documents/NetBeansProjects/TCSS%20445%20Database%20final%20project/TCSS%20445%20Database%20final%20project/src/tsp/desktop.ini</file>
            <file>file:/C:/Users/james/OneDrive/Documents/NetBeansProjects/TCSS%20445%20Database%20final%20project/TCSS%20445%20Database%20final%20project/src/tsp/LogInWindow.java</file>
            <file>file:/C:/Users/james/OneDrive/Documents/NetBeansProjects/TCSS%20445%20Database%20final%20project/TCSS%20445%20Database%20final%20project/src/tsp/DatabaseAccess.java</file>
            <file>file:/C:/Users/james/OneDrive/Documents/NetBeansProjects/TCSS%20445%20Database%20final%20project/TCSS%20445%20Database%20final%20project/src/tsp/ClassCallback.java</file>
            <file>file:/C:/Users/james/OneDrive/Documents/NetBeansProjects/TCSS%20445%20Database%20final%20project/TCSS%20445%20Database%20final%20project/src/tsp/About.java</file>
            <file>file:/C:/Users/james/OneDrive/Documents/NetBeansProjects/TCSS%20445%20Database%20final%20project/TCSS%20445%20Database%20final%20project/src/tsp/Splash.java</file>
            <file>file:/C:/Users/james/OneDrive/Documents/NetBeansProjects/TCSS%20445%20Database%20final%20project/TCSS%20445%20Database%20final%20project/src/tsp/PrintUtilities.java</file>
            <file>file:/C:/Users/james/OneDrive/Documents/NetBeansProjects/TCSS%20445%20Database%20final%20project/TCSS%20445%20Database%20final%20project/src/tsp/DataValidation.java</file>
        </group>
    </open-files>
</project-private>
